{
  "project_info": {
    "project_number": "871721343768",
    "project_id": "fluxo-de-caixa-2",
    "storage_bucket": "fluxo-de-caixa-2.appspot.com"
  },
  "client": [
    {
      "client_info": {
        "mobilesdk_app_id": "1:871721343768:android:8f14e81a7501334dbedc6d",
        "android_client_info": {
          "package_name": "br.com.lucas.valli.fluxodecaixa"
        }
      },
      "oauth_client": [],
      "api_key": [
        {
          "current_key": "AIzaSyC8YgrydsGLMNKNrcfIsjEYlhnO43B_6Jo"
        }
      ],
      "services": {
        "appinvite_service": {
          "other_platform_oauth_client": []
        }
      }
    }
  ],
  "configuration_version": "1"
}